id,first_name,last_name,email,gender,ip_address
1,Darren,Bredgeland,dbredgeland0@mayoclinic.com,Male,131.72.14.149
2,Jamima,Barzen,jbarzen1@jimdo.com,Female,55.254.239.118
3,Simonne,Grigg,sgrigg2@sitemeter.com,Female,251.74.233.246
4,Ines,Skyram,iskyram3@gizmodo.com,Female,111.31.41.251
5,Ede,Suttaby,esuttaby4@cornell.edu,Female,27.77.67.239
6,Con,Seemmonds,cseemmonds5@goo.gl,,176.187.73.149
7,Natividad,MacFadin,,Female,170.68.243.245
8,Carrol,Roney,croney7@marketwatch.com,Male,61.90.4.107
9,Tomkin,Ciccone,tciccone8@google.co.uk,Male,108.255.130.84
10,Charley,Gregor,cgregor9@umich.edu,Male,
11,Dosi,Elcome,delcomea@sciencedirect.com,Female,194.2.46.240
12,Stephanus,Lyst,slystb@prnewswire.com,Male,204.97.38.203
13,Von,Gorrick,vgorrickc@aboutads.info,Male,180.134.127.100
14,Oswell,Twidell,otwidelld@examiner.com,Male,54.41.86.7
15,Steffane,Jillins,sjillinse@java.com,Female,51.126.130.21
16,Codi,Jacobowitz,cjacobowitzf@eventbrite.com,Female,116.254.134.153
17,Chico,Jakoviljevic,cjakoviljevicg@rakuten.co.jp,Male,218.178.69.43
18,Benedicta,Laffling,blafflingh@sciencedirect.com,Female,
19,Ellis,,,Male,54.132.23.166
20,Bernie,Ende,bendej@discovery.com,Female,51.225.68.201
21,Korey,Kencott,kkencottk@oaic.gov.au,Male,180.220.5.219
22,Harbert,Tresvina,htresvinal@princeton.edu,Male,11.73.219.3
23,Thaxter,Laraway,tlarawaym@blog.com,Male,177.98.75.240
24,Clarence,Gabriely,cgabrielyn@topsy.com,Male,16.3.131.232
25,Garrott,Haslin,ghaslino@intel.com,Male,
26,Anjela,Talman,atalmanp@flickr.com,Female,199.236.154.198
27,Rosamund,Fetter,rfetterq@nba.com,Female,15.155.133.132
28,Felike,Corteney,fcorteneyr@eventbrite.com,Male,132.253.141.94
29,Shanan,Hutcheson,shutchesons@facebook.com,Male,89.227.155.231
30,Clyde,Firbanks,cfirbankst@vimeo.com,Male,143.129.138.229
31,Bucky,Corter,bcorteru@goodreads.com,Male,128.199.113.19
32,Felice,Kindread,fkindreadv@theatlantic.com,Male,217.185.66.198
33,Karyn,Bambra,kbambraw@pbs.org,,167.236.56.41
34,Gennifer,Rawlence,grawlencex@discuz.net,Female,191.138.225.53
35,Dael,Egan,degany@ocn.ne.jp,,141.137.190.177
36,Rosalynd,Proughten,rproughtenz@unblog.fr,,17.148.196.52
37,Bealle,Bosche,bbosche10@zimbio.com,Male,206.190.235.221
38,Hirsch,Wyleman,hwyleman11@ed.gov,Male,185.117.60.100
39,Maribeth,Philcott,mphilcott12@wordpress.com,Female,118.231.245.194
40,Ripley,Pheasey,,Male,68.243.176.54
41,Benson,Le Brun,blebrun14@opera.com,Male,115.39.120.243
42,Catlee,Harrema,charrema15@i2i.jp,Female,54.66.35.72
43,Camella,MacCaig,cmaccaig16@rediff.com,Female,226.221.14.254
44,Garrett,Clayhill,gclayhill17@freewebs.com,Male,
45,Shawn,Bauld,sbauld18@nba.com,Female,8.89.156.144
46,Denny,Cawthra,dcawthra19@hubpages.com,Female,75.50.176.232
47,Peirce,Hartness,phartness1a@accuweather.com,Male,27.139.116.239
48,Tiertza,Duferie,tduferie1b@wunderground.com,Female,200.135.91.14
49,Raddie,Stubley,rstubley1c@slate.com,Male,248.131.109.202
50,Boris,Daysh,bdaysh1d@google.it,Male,190.151.181.160
51,Devin,,dantognazzi1e@loc.gov,Male,8.10.84.187
52,Blondell,Beaconsall,bbeaconsall1f@amazon.de,Female,172.119.208.141
53,Eran,Sehorsch,esehorsch1g@ihg.com,,195.53.24.154
54,Corrinne,Leathe,cleathe1h@ebay.com,Female,5.29.154.68
55,Tori,Delacourt,tdelacourt1i@boston.com,Female,141.224.129.79
56,Fairlie,Coleiro,fcoleiro1j@hao123.com,Male,119.158.20.128
57,Pen,Greste,pgreste1k@spotify.com,Male,215.214.215.178
58,,Lindenboim,mlindenboim1l@pen.io,Male,7.98.137.169
59,Quintana,Hobbert,qhobbert1m@abc.net.au,Female,187.230.78.23
60,Eula,Sommerville,esommerville1n@google.it,Female,251.107.103.211
61,Gib,Thorpe,gthorpe1o@constantcontact.com,Male,223.2.220.92
62,Domingo,Collinge,dcollinge1p@edublogs.org,Male,189.227.153.98
63,Randell,Spini,rspini1q@furl.net,Male,138.146.203.72
64,Sean,Jugging,sjugging1r@networkadvertising.org,Female,160.201.120.223
65,Marcile,Matusovsky,mmatusovsky1s@census.gov,Female,
66,Brandtr,Buchanan,bbuchanan1t@hhs.gov,Male,96.213.174.238
67,Fred,Mc Menamin,fmcmenamin1u@nhs.uk,Female,50.243.241.111
68,Shaw,Brilleman,sbrilleman1v@guardian.co.uk,Male,53.63.252.164
69,Lani,Wheowall,lwheowall1w@wufoo.com,Female,143.220.17.98
70,Shaylyn,Reisin,sreisin1x@google.com.br,Female,172.0.134.166
71,,Weymont,fweymont1y@tripadvisor.com,Male,0.84.183.79
72,Ginevra,Atlay,gatlay1z@dailymail.co.uk,Female,125.49.209.173
73,Terri,Edmondson,tedmondson20@huffingtonpost.com,Male,40.129.51.48
74,Garnet,O'Henehan,gohenehan21@topsy.com,Female,154.11.254.190
75,Brok,Shrigley,bshrigley22@amazon.co.uk,Male,68.242.109.166
76,Karlee,Attenbarrow,kattenbarrow23@google.co.uk,Female,17.230.187.26
77,Shane,Morehall,smorehall24@upenn.edu,Male,210.88.226.155
78,Lynette,McWaters,lmcwaters25@pagesperso-orange.fr,Female,189.197.227.67
79,Modesta,Aleksandrikin,maleksandrikin26@gravatar.com,Female,56.47.213.183
80,Julie,Roughan,jroughan27@chron.com,Male,199.25.252.148
81,Valentijn,Schurcke,vschurcke28@freewebs.com,Male,72.93.143.33
82,Wallache,Cottom,wcottom29@stanford.edu,Male,128.154.251.193
83,Terrel,Surmeyer,tsurmeyer2a@discuz.net,Male,77.107.143.104
84,Aylmer,Farenden,afarenden2b@last.fm,Male,63.178.104.99
85,Egor,Mobberley,emobberley2c@admin.ch,Male,59.143.160.112
86,Chryste,Burghall,cburghall2d@patch.com,Female,104.160.160.108
87,Kingsly,Fossitt,kfossitt2e@meetup.com,,110.18.4.99
88,Merilyn,Millins,mmillins2f@uiuc.edu,Female,58.145.13.101
89,Gannie,Andrews,gandrews2g@storify.com,Male,
90,Kurt,Murcott,kmurcott2h@google.nl,Male,1.226.185.145
91,Ethan,Delacourt,edelacourt2i@wisc.edu,Male,169.169.31.11
92,Dix,Sillis,dsillis2j@ibm.com,Female,242.200.1.39
93,Callie,Jentzsch,cjentzsch2k@indiatimes.com,Female,77.211.0.96
94,Jaynell,Pattison,jpattison2l@marriott.com,Female,141.33.96.198
95,Port,Maylour,pmaylour2m@cloudflare.com,Male,135.28.126.182
96,Stanly,Halloran,shalloran2n@baidu.com,Male,239.119.94.109
97,Krisha,Tomicki,ktomicki2o@omniture.com,Male,212.228.87.81
98,Tome,Godwyn,tgodwyn2p@uol.com.br,Male,242.95.121.106
99,Bronson,Schiefersten,bschiefersten2q@ning.com,Male,182.113.133.86
100,Gabie,Bachmann,gbachmann2r@marriott.com,Male,122.78.129.40
101,Ardella,Kennefick,akennefick2s@prnewswire.com,Female,220.85.109.227
102,Ashlee,Ketchaside,aketchaside2t@prweb.com,Female,207.12.138.101
103,Gamaliel,Brodbin,gbrodbin2u@army.mil,Male,179.142.167.205
104,Justen,McKibben,jmckibben2v@guardian.co.uk,Male,189.222.216.207
105,Leanora,Wilne,lwilne2w@symantec.com,,
106,Robinette,Ollive,rollive2x@google.nl,Female,59.241.52.55
107,Nehemiah,Reglar,nreglar2y@go.com,Male,144.127.183.141
108,Boniface,Gages,bgages2z@moonfruit.com,Male,160.116.96.65
109,Moe,McDermid,mmcdermid30@state.tx.us,Male,92.158.108.152
110,Carver,Pringley,cpringley31@blogger.com,Male,53.252.174.210
111,,Ward,jward32@indiatimes.com,Female,113.129.61.38
112,,Bax,mbax33@reddit.com,Male,85.82.168.71
113,Porty,Tilling,ptilling34@barnesandnoble.com,Male,138.121.200.220
114,Aubrey,Geoghegan,ageoghegan35@over-blog.com,Female,61.119.196.47
115,Lily,Infante,linfante36@ucla.edu,Female,41.163.255.54
116,Andreas,Franchioni,afranchioni37@altervista.org,Male,211.70.69.122
117,Giffie,Chattock,gchattock38@springer.com,Male,63.92.84.51
118,Viviyan,Coviello,vcoviello39@soup.io,Female,200.120.92.159
119,Robyn,Raoult,rraoult3a@nydailynews.com,Female,102.155.198.15
120,Anjanette,Sloley,asloley3b@icq.com,Female,45.103.131.8
121,Orran,Stener,ostener3c@homestead.com,Male,139.190.24.85
122,Alina,Gater,agater3d@sbwire.com,Female,228.32.201.7
123,Edgar,Andrini,eandrini3e@nps.gov,Male,12.179.123.186
124,Kurtis,Overy,kovery3f@phpbb.com,Male,70.154.23.20
125,Winfred,Weinmann,wweinmann3g@jimdo.com,Male,122.115.152.58
126,Carie,,cblondell3h@chronoengine.com,Female,26.246.48.26
127,Nicolis,Reast,nreast3i@ted.com,Male,192.73.208.62
128,Wallie,Karlmann,wkarlmann3j@china.com.cn,Male,92.114.122.54
129,Arvin,Woolland,awoolland3k@mayoclinic.com,Male,80.236.193.48
130,Erhart,Giercke,egiercke3l@miitbeian.gov.cn,Male,142.170.201.129
131,Egor,Mongan,emongan3m@digg.com,Male,227.185.166.228
132,Lon,Gooms,lgooms3n@digg.com,Male,189.52.104.164
133,Maxim,Marishenko,mmarishenko3o@t-online.de,Male,57.1.222.151
134,Brook,Hicks,bhicks3p@typepad.com,Female,58.124.179.118
135,Vincent,Klousner,vklousner3q@aol.com,Male,244.197.151.145
136,Bel,Toffolo,btoffolo3r@mac.com,Female,55.208.164.77
137,Dawna,Zack,dzack3s@yahoo.co.jp,Female,22.137.156.109
138,Zak,Pettegree,zpettegree3t@craigslist.org,Male,229.212.29.187
139,Evelin,Finch,efinch3u@fda.gov,Male,168.163.157.2
140,Chelsy,Vater,cvater3v@github.com,Female,169.32.83.137
141,Zechariah,Vaneev,zvaneev3w@a8.net,Male,7.110.183.61
142,Arman,Kayzer,akayzer3x@wix.com,Male,239.171.196.252
143,Ulla,Ginnelly,uginnelly3y@sfgate.com,Female,105.135.0.91
144,Hamlen,Fettes,hfettes3z@sun.com,Male,20.26.19.25
145,Jedidiah,Chastey,jchastey40@google.de,Male,85.241.103.71
146,Zoe,Bellany,zbellany41@furl.net,Female,39.143.211.229
147,Vittorio,,vmurtell42@examiner.com,Male,113.38.118.14
148,Charmain,Tipping,ctipping43@yolasite.com,Female,26.240.115.39
149,Loutitia,Kelwaybamber,lkelwaybamber44@netlog.com,Female,103.163.63.127
150,Meredeth,Maier,mmaier45@mediafire.com,Male,160.184.235.167
151,Pepito,Splevings,,Male,38.172.41.17
152,Elsi,Patington,epatington47@irs.gov,Female,153.175.129.41
153,Leonerd,De Mars,ldemars48@devhub.com,Male,254.196.250.23
154,Aura,Brabyn,abrabyn49@clickbank.net,,98.126.64.51
155,Dex,Critoph,dcritoph4a@skype.com,Male,115.203.201.66
156,Corena,Enterlein,centerlein4b@house.gov,Female,92.91.219.184
157,Bennie,Checci,bchecci4c@myspace.com,Female,121.92.212.58
158,Humphrey,Filippello,,Male,178.152.111.88
159,Pammi,Macak,pmacak4e@tiny.cc,Female,85.111.253.175
160,Burr,Eykelhof,beykelhof4f@canalblog.com,Male,94.182.255.121
161,Oralee,Teresi,oteresi4g@ca.gov,Female,49.125.214.3
162,Linn,Mangeot,lmangeot4h@stumbleupon.com,Male,141.221.147.51
163,Alfonso,Renackowna,arenackowna4i@goo.ne.jp,Male,183.186.46.156
164,Florina,Baudassi,fbaudassi4j@zdnet.com,Female,22.50.141.44
165,Barnabe,Allsobrook,ballsobrook4k@springer.com,,221.8.100.231
166,Duky,Severns,dseverns4l@infoseek.co.jp,Male,
167,,Cowle,fcowle4m@vk.com,Male,138.41.175.132
168,Salomo,Faraker,sfaraker4n@arizona.edu,Male,172.28.69.136
169,Oliviero,Benedick,obenedick4o@booking.com,Male,
170,Harry,Ashall,hashall4p@wordpress.com,,59.119.10.93
171,Waite,de Broke,wdebroke4q@bravesites.com,Male,146.41.223.161
172,Cally,Bensen,cbensen4r@forbes.com,Female,239.69.226.142
173,Hermon,Seabrook,,Male,215.209.114.1
174,Bard,Bleasdille,bbleasdille4t@hexun.com,Male,176.0.33.42
175,Johan,Fernely,jfernely4u@nhs.uk,Male,129.134.75.81
176,Kora,Penella,kpenella4v@studiopress.com,Female,68.39.151.95
177,Jard,Averill,javerill4w@ustream.tv,Male,78.175.61.106
178,Mandie,Ivanikov,mivanikov4x@admin.ch,Female,107.100.115.183
179,Davide,McHugh,dmchugh4y@house.gov,Male,26.72.156.220
180,Neill,Skyrme,nskyrme4z@issuu.com,Male,170.224.199.72
181,Melissa,,mgarrattley50@blogs.com,Female,57.232.251.64
182,June,Blackaller,jblackaller51@aol.com,Female,17.97.145.72
183,Iorgos,Canadine,icanadine52@biglobe.ne.jp,Male,62.9.252.0
184,Fraze,Marchenko,fmarchenko53@auda.org.au,Male,240.228.107.156
185,Clayborne,Rivett,crivett54@comsenz.com,Male,78.227.192.63
186,Monti,Berzin,mberzin55@qq.com,Male,40.250.91.197
187,Brenna,Farloe,bfarloe56@people.com.cn,Female,41.89.82.175
188,Vincenty,Wynrehame,vwynrehame57@posterous.com,,202.177.59.233
189,Hank,Bowmen,hbowmen58@tumblr.com,Male,249.70.227.229
190,Melli,Faiers,mfaiers59@uiuc.edu,Female,7.106.238.236
191,Hurlee,Petherick,hpetherick5a@apple.com,Male,65.191.69.54
192,Carey,Bene,cbene5b@desdev.cn,Male,147.216.44.127
193,Turner,Ferronet,,Male,78.15.112.99
194,Athene,Tunesi,atunesi5d@acquirethisname.com,Female,142.23.133.29
195,Lacee,Danford,ldanford5e@arstechnica.com,Female,127.227.181.124
196,Aldous,Francello,afrancello5f@ted.com,Male,50.236.120.232
197,Tasia,Mullin,tmullin5g@skype.com,Female,83.14.176.3
198,Bekki,Dreher,bdreher5h@fastcompany.com,Female,214.12.254.175
199,Mel,Gay,mgay5i@go.com,Male,
200,Gannie,Slayford,gslayford5j@linkedin.com,Male,230.99.128.137
201,Wandie,Walles,,Female,
202,Teodora,Winmill,twinmill5l@t-online.de,Female,228.73.170.103
203,Brandie,O Mullen,bomullen5m@twitter.com,Female,68.99.171.67
204,Gary,Vest,gvest5n@reverbnation.com,Male,
205,Hillery,Aim,haim5o@gizmodo.com,Male,102.205.14.116
206,Heinrick,Clerc,hclerc5p@xinhuanet.com,Male,20.218.94.69
207,Bran,Snary,bsnary5q@1688.com,Male,108.74.245.119
208,Modestia,Plackstone,,Female,103.117.10.59
209,Christy,Joseph,cjoseph5s@dell.com,Male,161.105.64.82
210,Ezekiel,Danzey,edanzey5t@goo.ne.jp,Male,
211,Elinor,Diamond,ediamond5u@wikia.com,Female,131.235.47.222
212,Freddie,Goodale,fgoodale5v@mlb.com,Male,208.38.133.157
213,Hilarius,Cyster,hcyster5w@theglobeandmail.com,Male,6.97.190.175
214,Christean,Youel,cyouel5x@4shared.com,Female,196.169.247.61
215,Royce,Guenther,rguenther5y@1688.com,Male,73.152.72.234
216,Minor,,mstiddard5z@mit.edu,Male,42.178.177.28
217,Alyosha,Sibille,asibille60@seesaa.net,Male,38.40.84.16
218,Wye,Churches,wchurches61@constantcontact.com,,64.8.139.4
219,Goddart,Cockitt,gcockitt62@ox.ac.uk,Male,6.130.92.226
220,Denver,Canto,dcanto63@ocn.ne.jp,Male,79.227.180.172
221,Ludovico,Thew,lthew64@marketwatch.com,Male,78.176.112.98
222,Kenna,Winterton,kwinterton65@gmpg.org,Female,104.209.99.237
223,Elianora,Stening,estening66@skyrock.com,Female,253.225.223.198
224,Elliot,Vize,evize67@mapy.cz,Male,165.225.212.109
225,Kaitlynn,Sandford,ksandford68@thetimes.co.uk,Female,228.11.184.172
226,Bradley,Hinks,bhinks69@si.edu,Male,56.148.103.233
227,Upton,Borel,uborel6a@google.fr,Male,67.191.91.3
228,Rosaleen,Delcastel,rdelcastel6b@angelfire.com,Female,237.176.114.179
229,Goldia,McNess,gmcness6c@youtube.com,Female,64.148.72.167
230,Beltran,Leatherborrow,bleatherborrow6d@uiuc.edu,Male,226.149.40.240
231,Zebulen,Skirling,zskirling6e@thetimes.co.uk,Male,96.57.247.224
232,Larina,Kinman,lkinman6f@accuweather.com,Female,140.143.250.33
233,Violette,Egginson,vegginson6g@earthlink.net,Female,37.149.251.113
234,Nevin,Claige,nclaige6h@google.pl,Male,246.250.97.240
235,Wendy,Jamson,wjamson6i@furl.net,Female,188.38.239.44
236,Martino,Darleston,mdarleston6j@guardian.co.uk,Male,99.156.234.84
237,Khalil,Beames,kbeames6k@nbcnews.com,Male,58.204.91.188
238,Liane,Crocetto,lcrocetto6l@chron.com,Female,50.90.130.164
239,Shara,Fear,sfear6m@google.pl,Female,59.138.21.223
240,Tonye,Fossord,tfossord6n@prweb.com,Female,43.243.194.179
241,Devondra,Warriner,dwarriner6o@prlog.org,Female,156.223.49.12
242,Curr,Adshad,cadshad6p@blogger.com,Male,24.124.145.33
243,Lena,Stillwell,lstillwell6q@va.gov,Female,196.153.170.39
244,Rowen,Roughey,rroughey6r@elpais.com,Male,56.34.18.86
245,Ronnie,Mattiello,,,179.61.201.64
246,Hyacinth,Bock,hbock6t@google.nl,Female,194.252.223.231
247,Albert,Kochl,akochl6u@canalblog.com,Male,217.52.57.241
248,Josias,Starmont,jstarmont6v@pen.io,Male,136.121.147.69
249,Reamonn,Coppo,rcoppo6w@bravesites.com,Male,134.152.163.79
250,Xerxes,Yeskin,xyeskin6x@europa.eu,Male,138.215.66.128
251,Deana,Bronot,dbronot6y@alexa.com,Female,52.10.69.233
252,Nerte,Harragin,nharragin6z@bloomberg.com,Female,183.190.175.148
253,Faulkner,Wittke,fwittke70@wufoo.com,Male,211.169.158.96
254,Talya,Rosenstein,trosenstein71@cam.ac.uk,Female,20.0.97.70
255,Afton,Bowlands,abowlands72@sciencedaily.com,Female,186.195.101.221
256,,Gimson,lgimson73@myspace.com,,109.48.7.129
257,Enos,Sullivan,,Male,38.237.105.48
258,Petra,Raiment,praiment75@dailymotion.com,Female,149.193.3.62
259,Nigel,,nwincer76@google.ru,Male,129.159.20.242
260,Patsy,Schulken,pschulken77@livejournal.com,Male,114.160.8.145
261,Lucy,Isles,lisles78@fotki.com,,66.35.123.23
262,Mickey,,mgoodings79@acquirethisname.com,Male,61.133.213.115
263,Othella,Raffeorty,oraffeorty7a@mail.ru,,2.55.249.230
264,Lock,Penticost,lpenticost7b@baidu.com,Male,101.34.40.39
265,Livvyy,Ludee,,Female,243.241.194.167
266,Grazia,See,gsee7d@prlog.org,Female,67.252.98.123
267,Terrell,Birrell,tbirrell7e@telegraph.co.uk,Male,239.186.104.11
268,Diahann,Whittaker,dwhittaker7f@cdc.gov,Female,231.121.231.250
269,Del,Chable,dchable7g@ebay.co.uk,Female,130.109.78.42
270,Danny,Heinritz,dheinritz7h@princeton.edu,Female,234.88.253.216
271,Tarrance,Carvilla,tcarvilla7i@ask.com,Male,174.168.222.131
272,Justen,Rupprecht,jrupprecht7j@mlb.com,Male,210.77.253.246
273,Jessey,Mohamed,jmohamed7k@si.edu,Male,17.121.179.249
274,Alexine,Sweetsur,asweetsur7l@nasa.gov,Female,172.49.198.177
275,Ripley,Dobinson,rdobinson7m@va.gov,Male,187.25.169.154
276,Darill,Dumper,ddumper7n@phpbb.com,,129.88.157.2
277,Deloris,Spohrmann,dspohrmann7o@chronoengine.com,Female,122.221.172.211
278,Efrem,Fance,efance7p@mediafire.com,,233.193.226.160
279,Loydie,McGorley,lmcgorley7q@newyorker.com,,75.221.74.149
280,,,ebrookwood7r@spiegel.de,Female,
281,Sibley,Acors,sacors7s@apache.org,Female,199.184.235.233
282,Bobbe,Redhills,bredhills7t@feedburner.com,Female,212.98.221.22
283,Gustave,Clemoes,gclemoes7u@thetimes.co.uk,Male,85.19.147.212
284,Mina,,mballing7v@sciencedaily.com,Female,251.50.214.110
285,Ingra,Alexandrescu,ialexandrescu7w@histats.com,Male,105.150.113.173
286,Terry,Tisor,ttisor7x@rakuten.co.jp,Male,134.31.37.91
287,Jobey,Jagoe,jjagoe7y@vkontakte.ru,Female,
288,Emelen,Callcott,ecallcott7z@ibm.com,Male,36.70.170.79
289,Gavin,Koeppke,gkoeppke80@123-reg.co.uk,Male,182.204.248.231
290,Kata,Narup,knarup81@instagram.com,Female,217.209.244.108
291,Nichol,Jahn,njahn82@example.com,Female,242.5.14.145
292,Issi,,,,171.187.22.31
293,,Arlow,farlow84@unblog.fr,Female,135.216.127.135
294,Irving,Duffield,iduffield85@acquirethisname.com,Male,131.90.159.21
295,Joline,Pele,jpele86@ibm.com,Female,255.104.110.160
296,Rosella,Kimmons,rkimmons87@moonfruit.com,Female,19.247.193.240
297,Emalia,Dillon,edillon88@ameblo.jp,Female,36.106.237.252
298,Janetta,Kike,jkike89@rediff.com,Female,196.131.242.188
299,Sinclare,Huthart,shuthart8a@multiply.com,Male,43.66.173.153
300,Vi,Casaro,vcasaro8b@squidoo.com,Female,7.224.122.90
301,Caressa,Eastup,ceastup8c@rakuten.co.jp,Female,95.135.175.131
302,Markus,Wilkes,mwilkes8d@chronoengine.com,Male,187.101.253.43
303,Bailey,Affron,baffron8e@amazon.co.jp,Male,105.24.173.232
304,Ulrikaumeko,Filippo,ufilippo8f@admin.ch,Female,118.82.37.174
305,Raul,Inder,rinder8g@posterous.com,Male,
306,Geoffry,Pittem,gpittem8h@discovery.com,Male,212.232.234.189
307,,Snasel,rsnasel8i@php.net,Female,196.203.127.184
308,Janith,Egglestone,jegglestone8j@cmu.edu,Female,179.186.155.163
309,Lynette,Cluitt,lcluitt8k@businessinsider.com,Female,82.205.130.244
310,Gustave,Ledur,gledur8l@rakuten.co.jp,Male,75.226.25.142
311,Iorgos,Crow,icrow8m@theatlantic.com,Male,132.92.239.240
312,Garv,Sergant,gsergant8n@un.org,Male,103.64.205.205
313,Crystal,Mayhou,cmayhou8o@skype.com,Female,235.244.7.64
314,Georges,Pendock,gpendock8p@hud.gov,Male,222.231.73.87
315,Archibold,Ravenscroft,aravenscroft8q@51.la,Male,
316,Barnabas,Ellwand,bellwand8r@blog.com,Male,0.219.168.97
317,Marietta,Longbone,mlongbone8s@1688.com,Female,148.157.222.3
318,Dell,Hartle,dhartle8t@foxnews.com,Female,55.150.217.234
319,Town,Bleibaum,tbleibaum8u@nature.com,Male,23.157.186.236
320,Dietrich,Feavyour,dfeavyour8v@home.pl,Male,104.177.98.89
321,Ericka,Lockhurst,elockhurst8w@utexas.edu,Female,56.78.191.187
322,Rhona,Laye,rlaye8x@mit.edu,,189.190.106.162
323,Rosy,Legging,rlegging8y@dyndns.org,Female,159.240.104.83
324,Sofia,Busst,sbusst8z@uiuc.edu,Female,198.116.32.180
325,Fannie,Strivens,fstrivens90@prnewswire.com,Female,
326,Billy,Cunnane,bcunnane91@loc.gov,Female,32.215.103.202
327,Karissa,Havile,khavile92@narod.ru,Female,
328,Letty,Gegg,lgegg93@tiny.cc,Female,202.166.230.142
329,Cornelius,Lisle,clisle94@youku.com,Male,218.171.51.131
330,Linet,Spring,lspring95@amazonaws.com,,151.118.53.104
331,Lavena,Lippatt,llippatt96@theatlantic.com,Female,56.166.130.206
332,Damara,Kemshell,,Female,73.114.78.133
333,Huntington,Baress,hbaress98@hatena.ne.jp,Male,102.18.104.177
334,Merissa,Westmancoat,mwestmancoat99@infoseek.co.jp,Female,25.38.50.94
335,Annecorinne,Standering,astandering9a@comsenz.com,Female,240.42.251.188
336,Josefina,,jmacquaker9b@bluehost.com,Female,152.22.195.54
337,Estell,Roberti,eroberti9c@globo.com,Female,63.27.65.81
338,Sileas,Yitzowitz,syitzowitz9d@vimeo.com,,34.198.230.4
339,Minetta,McGroarty,mmcgroarty9e@cbslocal.com,Female,150.73.227.106
340,Merry,Abdee,mabdee9f@github.com,Female,56.220.16.116
341,Venita,Navarre,vnavarre9g@blogger.com,Female,242.221.170.224
342,Kale,Mitro,kmitro9h@hp.com,Male,150.211.164.182
343,Issi,Western,iwestern9i@dmoz.org,Female,55.68.32.109
344,Kelcie,Brockelsby,kbrockelsby9j@pen.io,Female,67.184.32.76
345,Durand,Sendley,dsendley9k@edublogs.org,Male,38.161.150.200
346,Brady,Stevings,bstevings9l@usnews.com,Male,60.228.234.144
347,Ralf,Gianasi,rgianasi9m@barnesandnoble.com,Male,21.63.158.47
348,Reece,Claye,rclaye9n@usgs.gov,Male,248.88.13.177
349,Mohammed,Dudding,mdudding9o@bizjournals.com,Male,214.150.248.72
350,Chloe,Hacket,chacket9p@uiuc.edu,Female,165.212.242.209
351,Boigie,Dowyer,bdowyer9q@china.com.cn,Male,185.86.235.248
352,Halsey,Bligh,hbligh9r@si.edu,Male,95.136.209.114
353,Nari,Menichelli,nmenichelli9s@google.com.au,Female,243.106.255.75
354,Davidde,Cassedy,dcassedy9t@tumblr.com,Male,
355,Janeczka,Dunnett,jdunnett9u@ox.ac.uk,Female,75.2.62.8
356,Jule,Baynon,jbaynon9v@addthis.com,Male,206.79.119.34
357,Felecia,Snoxall,fsnoxall9w@rakuten.co.jp,Female,55.9.191.61
358,Lion,Instone,linstone9x@diigo.com,Male,39.243.57.188
359,Violetta,Crock,vcrock9y@independent.co.uk,Female,232.187.103.146
360,Cherie,Wybrow,cwybrow9z@alibaba.com,Female,113.171.179.39
361,Georgena,Cheyney,gcheyneya0@hostgator.com,Female,221.32.214.108
362,Oriana,McGee,omcgeea1@360.cn,Female,66.6.184.231
363,Rockey,Lackinton,rlackintona2@chron.com,Male,127.157.98.243
364,Claus,Amies,camiesa3@deviantart.com,Male,246.109.183.65
365,Correy,Seymark,cseymarka4@hubpages.com,Male,25.178.7.42
366,Jessy,Byles,jbylesa5@is.gd,Female,236.118.92.71
367,Guthry,Birch,gbircha6@reddit.com,Male,65.106.21.8
368,Moe,Bottrell,mbottrella7@blogger.com,Male,160.17.176.162
369,Des,Gueinn,dgueinna8@nih.gov,Male,99.23.234.149
370,Rhea,Imrie,,Female,
371,Stanwood,Windybank,swindybankaa@bigcartel.com,Male,60.99.21.7
372,Yasmeen,Wittering,ywitteringab@sakura.ne.jp,Female,
373,Rhett,Halsho,,Male,201.244.185.29
374,Eveleen,Codner,ecodnerad@comcast.net,Female,249.163.185.108
375,Wilt,Quesne,wquesneae@bing.com,Male,175.200.227.138
376,Tobye,Ogdahl,togdahlaf@themeforest.net,Female,110.140.104.159
377,Myrilla,Bonde,mbondeag@freewebs.com,Female,71.13.74.31
378,Tod,Coatham,tcoathamah@hexun.com,Male,206.120.68.236
379,Marsha,Gergus,mgergusai@posterous.com,Female,118.224.23.80
380,Jelene,Bendtsen,jbendtsenaj@craigslist.org,Female,66.99.119.93
381,Dietrich,Gillbee,dgillbeeak@reference.com,Male,
382,Feliks,Pimblott,fpimblottal@tripadvisor.com,Male,71.192.118.7
383,Cos,Bulbeck,cbulbeckam@hc360.com,Male,19.139.34.244
384,Gilberto,Gorst,ggorstan@simplemachines.org,Male,58.65.35.74
385,Rani,Infante,rinfanteao@t-online.de,,111.20.113.102
386,Horst,Tabbernor,htabbernorap@wsj.com,Male,112.115.169.105
387,Robby,Gethin,rgethinaq@multiply.com,Male,171.208.0.22
388,Perceval,Stutt,pstuttar@issuu.com,Male,11.196.106.74
389,Rowen,Drewitt,rdrewittas@microsoft.com,Male,204.103.157.185
390,Remus,Longthorn,rlongthornat@omniture.com,Male,10.112.187.214
391,Violet,Parley,vparleyau@uol.com.br,Female,240.238.204.228
392,Miguel,Messam,mmessamav@hibu.com,,153.231.231.210
393,Ermanno,Antyukhin,eantyukhinaw@nationalgeographic.com,Male,26.226.142.56
394,Zachariah,Salvadori,zsalvadoriax@squarespace.com,Male,68.17.139.81
395,Lamont,Corzor,lcorzoray@ocn.ne.jp,Male,91.179.209.27
396,Zaneta,Veltman,zveltmanaz@geocities.jp,Female,144.238.186.71
397,Carlie,Lafranconi,clafranconib0@yahoo.com,Female,43.43.80.75
398,Romain,Rau,rraub1@drupal.org,Male,98.176.139.90
399,Adams,Addey,,Male,165.15.33.253
400,Robbin,Lube,rlubeb3@icq.com,Female,136.254.55.84
401,Demetri,Batchelder,dbatchelderb4@gravatar.com,Male,185.166.41.115
402,Clarita,Dabrowski,cdabrowskib5@yandex.ru,Female,50.233.58.24
403,Elbertina,Sanderson,esandersonb6@globo.com,,238.239.201.32
404,Clemmie,Conman,cconmanb7@printfriendly.com,Female,241.69.21.246
405,Loraine,Scobie,lscobieb8@dion.ne.jp,Female,131.167.149.203
406,Cherrita,Bruggeman,cbruggemanb9@wsj.com,Female,9.168.49.37
407,Aggy,Wragge,awraggeba@netscape.com,Female,32.110.19.202
408,Thayne,Bagley,tbagleybb@mysql.com,Male,91.253.171.131
409,Aurea,Monksfield,amonksfieldbc@ucoz.com,Female,144.222.152.141
410,Friedrick,Bagger,fbaggerbd@craigslist.org,Male,43.173.154.142
411,Jarrid,Navein,jnaveinbe@cbsnews.com,Male,195.80.107.30
412,Brennen,Swatton,bswattonbf@twitpic.com,Male,49.193.7.229
413,Amalie,Ludwikiewicz,,Female,
414,Pauletta,McQueen,pmcqueenbh@tripod.com,Female,89.113.139.102
415,Uriah,Dolligon,udolligonbi@imdb.com,Male,127.57.95.114
416,Lilyan,,ldevaanbj@tiny.cc,Female,56.203.180.118
417,Adiana,Shelper,ashelperbk@ustream.tv,Female,12.34.97.152
418,Saundra,Bilyard,sbilyardbl@g.co,Female,32.75.15.92
419,Reidar,Kulis,rkulisbm@sun.com,Male,84.216.239.23
420,,Tavernor,atavernorbn@bizjournals.com,Male,162.3.119.155
421,Elwood,Awton,eawtonbo@phoca.cz,Male,189.32.128.86
422,Amble,Tubbles,,Male,202.76.21.84
423,Oriana,Gookey,,,71.194.162.61
424,Arley,Blencowe,ablencowebr@cbc.ca,Male,140.59.71.4
425,Gloria,Mirralls,gmirrallsbs@feedburner.com,Female,247.86.6.233
426,Cary,Huggens,chuggensbt@techcrunch.com,Female,75.133.78.133
427,Agnesse,Karsh,akarshbu@lulu.com,Female,165.204.23.30
428,Patton,Troker,ptrokerbv@rambler.ru,Male,96.234.96.228
429,Phillida,Hazelton,phazeltonbw@plala.or.jp,Female,190.203.235.10
430,,Gurery,cgurerybx@hibu.com,Male,87.21.157.250
431,Tannie,Espino,tespinoby@vistaprint.com,,134.163.11.184
432,Padraic,,pczaplebz@github.com,Male,88.247.225.247
433,Cathee,Jovey,cjoveyc0@stumbleupon.com,Female,176.126.135.108
434,Graehme,Rawlcliffe,grawlcliffec1@smugmug.com,Male,235.112.220.23
435,Alayne,Holgan,aholganc2@wsj.com,,202.130.132.141
436,Rasia,Matzkaitis,rmatzkaitisc3@msu.edu,Female,234.129.220.83
437,Karl,Belliard,kbelliardc4@cbc.ca,Male,153.87.145.216
438,Kipper,Tinkham,ktinkhamc5@google.fr,Male,119.181.169.87
439,Ariel,Atcock,aatcockc6@istockphoto.com,Female,29.29.44.216
440,Conn,Copes,ccopesc7@xrea.com,Male,201.50.76.180
441,Paquito,Riglar,priglarc8@feedburner.com,Male,186.108.204.245
442,,Dobrowski,odobrowskic9@seattletimes.com,Male,0.188.226.150
443,Kamila,Langlois,klangloisca@geocities.com,Female,173.204.115.32
444,Frasquito,Caveney,fcaveneycb@facebook.com,Male,107.197.83.250
445,Joanna,Thewles,jthewlescc@prlog.org,Female,5.18.159.29
446,Cristian,Smewin,csmewincd@ow.ly,,130.80.214.35
447,Parker,Gowman,pgowmance@uiuc.edu,Male,105.19.191.11
448,,Sampson,tsampsoncf@mac.com,Female,150.192.64.226
449,Adrian,Epp,aeppcg@multiply.com,Male,87.171.131.235
450,Gilles,Gerald,ggeraldch@google.it,Male,175.231.30.204
451,Krissy,Caddie,kcaddieci@paginegialle.it,Female,198.118.124.64
452,Emlyn,Grantham,egranthamcj@unblog.fr,Male,238.96.158.62
453,Cullan,Copeland,ccopelandck@fc2.com,Male,250.159.66.53
454,Wendeline,Laver,wlavercl@economist.com,Female,
455,Henri,Borland,hborlandcm@noaa.gov,Male,76.4.50.107
456,Lorrayne,Nolin,lnolincn@businesswire.com,Female,65.97.80.36
457,Kristal,Getcliff,kgetcliffco@berkeley.edu,Female,64.205.64.58
458,Packston,Grenshields,pgrenshieldscp@alibaba.com,Male,210.24.126.134
459,Allis,Jeromson,ajeromsoncq@prnewswire.com,Female,75.137.99.107
460,Gery,Haney`,ghaneycr@fda.gov,Male,218.234.14.26
461,Rona,Thwaites,rthwaitescs@house.gov,Female,56.174.146.96
462,Yardley,Faber,yfaberct@fema.gov,Male,254.70.234.109
463,Jess,Kolak,jkolakcu@forbes.com,Male,47.139.80.225
464,Lola,Baird,lbairdcv@wsj.com,,223.150.55.75
465,Derrik,Johnsey,djohnseycw@rakuten.co.jp,Male,60.85.85.210
466,Lorita,Torrent,ltorrentcx@indiegogo.com,Female,173.233.176.177
467,Roberto,Steers,rsteerscy@slate.com,Male,70.63.21.23
468,Hunt,Manthroppe,hmanthroppecz@blinklist.com,Male,90.15.247.138
469,Jephthah,Stephens,jstephensd0@dagondesign.com,Male,235.110.182.132
470,,Deighan,ldeighand1@tripadvisor.com,Male,114.189.179.102
471,Harrie,Gaynor,hgaynord2@nature.com,,136.187.95.234
472,Marylee,Stileman,mstilemand3@bigcartel.com,Female,57.127.221.134
473,Nita,Borris,nborrisd4@nifty.com,Female,72.238.114.73
474,Cairistiona,Snowling,csnowlingd5@sciencedirect.com,,254.90.8.8
475,Bear,Waeland,bwaelandd6@msu.edu,Male,173.39.114.13
476,Ferdinanda,Druhan,fdruhand7@psu.edu,Female,15.52.242.116
477,Angil,Jansey,ajanseyd8@mashable.com,,203.209.193.174
478,Ilise,Durston,idurstond9@networksolutions.com,Female,25.222.253.4
479,Marcia,Fearnyhough,mfearnyhoughda@etsy.com,Female,165.48.141.144
480,Birk,Petkov,bpetkovdb@flavors.me,Male,229.47.14.15
481,Gail,Northall,gnorthalldc@hud.gov,Male,184.94.81.10
482,Darelle,Meyer,dmeyerdd@surveymonkey.com,Female,119.157.35.168
483,Brina,McKern,bmckernde@bbb.org,Female,183.120.7.172
484,Brandyn,Calverd,bcalverddf@tmall.com,Male,118.210.24.154
485,Jakie,Finicj,jfinicjdg@twitter.com,Male,14.27.212.169
486,Latashia,McQuillin,lmcquillindh@google.pl,Female,133.97.84.215
487,Harper,Lavelle,hlavelledi@pbs.org,Male,70.245.140.78
488,Kennan,Puckrin,kpuckrindj@apache.org,Male,241.145.191.197
489,Bryn,,borteltdk@com.com,Female,238.160.61.131
490,Dorelle,Noraway,dnorawaydl@weebly.com,Female,52.58.178.8
491,Gill,Beville,gbevilledm@sun.com,,177.143.148.229
492,,Arnaud,barnauddn@technorati.com,Male,19.47.5.231
493,Mikel,Furmenger,mfurmengerdo@typepad.com,Male,196.213.213.150
494,Cary,Kuhlen,ckuhlendp@discovery.com,Female,143.32.4.218
495,Giordano,Hender,,Male,37.3.233.245
496,Tabbitha,Khosa,tkhosadr@state.gov,Female,194.64.193.51
497,Fae,Blunderfield,fblunderfieldds@printfriendly.com,Female,217.100.139.127
498,Swen,Sjostrom,ssjostromdt@comcast.net,Male,183.192.200.220
499,Joceline,Gynni,jgynnidu@istockphoto.com,Female,253.66.202.81
500,Esther,Coulthard,ecoultharddv@hostgator.com,Female,36.116.239.229
501,Rhoda,Worden,rwordendw@mtv.com,Female,43.84.158.126
502,Constance,Arkell,carkelldx@furl.net,Female,106.245.64.206
503,Gillan,,gsoaperdy@answers.com,Female,152.181.241.231
504,Kimberley,Dumbrall,kdumbralldz@so-net.ne.jp,Female,79.62.203.150
505,Fremont,Itzkovsky,fitzkovskye0@is.gd,Male,53.21.72.82
506,Schuyler,Galego,sgalegoe1@seesaa.net,Male,
507,Marley,Snarr,msnarre2@mac.com,Female,113.61.234.7
508,Cordell,,carnowicze3@google.pl,Male,135.52.210.226
509,Tiphanie,Lilleyman,tlilleymane4@reference.com,Female,17.91.26.147
510,Ertha,Cuffley,ecuffleye5@vkontakte.ru,Female,21.221.185.108
511,Kassie,MacGinley,kmacginleye6@jugem.jp,,70.220.89.14
512,Weston,Drillingcourt,wdrillingcourte7@google.com.br,Male,3.15.127.153
513,Cyndi,Delmonti,cdelmontie8@plala.or.jp,Female,15.12.66.80
514,,Trent,ltrente9@newyorker.com,Male,144.160.217.162
515,Phillie,Maffeo,pmaffeoea@seesaa.net,Female,156.208.75.194
516,Coreen,Flatt,cflatteb@meetup.com,,182.180.197.104
517,Kendrick,Prantl,kprantlec@live.com,Male,176.50.239.150
518,Bevvy,Risby,brisbyed@w3.org,Female,86.194.109.31
519,Westbrook,Graalmans,wgraalmansee@rakuten.co.jp,Male,206.173.194.10
520,Lindi,Wehden,,Female,23.61.32.14
521,Grantley,Eriksson,gerikssoneg@chron.com,Male,14.234.180.231
522,Parsifal,Romushkin,promushkineh@latimes.com,Male,76.99.33.212
523,Noemi,Keener,nkeenerei@stanford.edu,Female,73.140.28.101
524,Ryun,Crufts,rcruftsej@chron.com,Male,221.56.91.216
525,,D'Orsay,cdorsayek@ft.com,Female,238.43.87.66
526,Beatriz,Escalero,bescaleroel@umn.edu,Female,100.136.23.71
527,Jan,Newcom,jnewcomem@narod.ru,Female,173.6.183.178
528,Holmes,Farlambe,hfarlambeen@businesswire.com,Male,167.147.49.114
529,Beverley,McCollum,,Female,92.227.242.22
530,Zollie,Potten,zpottenep@jimdo.com,Male,
531,Nils,Angeli,nangelieq@youtu.be,Male,
532,Dodi,Yellowlees,dyellowleeser@cbslocal.com,Female,130.82.238.98
533,Clarence,Hadye,chadyees@opensource.org,Male,86.112.68.250
534,Jon,Marcus,jmarcuset@usda.gov,Male,99.172.51.69
535,Onfre,Norvell,onorvelleu@t.co,Male,121.223.186.0
536,Cinnamon,Howler,chowlerev@umn.edu,Female,145.209.126.188
537,Bryon,Durram,bdurramew@umich.edu,Male,120.72.50.18
538,Ezra,Chilles,echillesex@360.cn,Male,133.169.69.151
539,Jo,Welton,jweltoney@hexun.com,Female,
540,Laughton,Burnhams,lburnhamsez@phoca.cz,Male,116.132.109.200
541,Kerk,Jerzykiewicz,kjerzykiewiczf0@wiley.com,Male,222.129.171.227
542,Tannie,Blasio,tblasiof1@ucoz.ru,Male,196.95.48.4
543,Sheelagh,Ardern,sardernf2@nature.com,Female,165.233.205.215
544,Edik,Purshouse,epurshousef3@prlog.org,Male,177.155.213.88
545,Guilbert,Rawsen,grawsenf4@blogtalkradio.com,Male,81.140.98.235
546,Rhonda,Whellams,rwhellamsf5@simplemachines.org,Female,78.173.26.210
547,Reamonn,,rchedzoyf6@army.mil,Male,61.21.149.20
548,Zeke,Sowden,zsowdenf7@yolasite.com,Male,41.177.82.64
549,Abagail,Bax,abaxf8@barnesandnoble.com,Female,193.44.102.159
550,Myranda,Oulner,moulnerf9@salon.com,Female,101.82.85.35
551,Tania,Delle,tdellefa@msu.edu,Female,110.89.238.84
552,Rice,Salmond,rsalmondfb@ucsd.edu,Male,39.60.231.205
553,Clovis,Kemble,ckemblefc@weibo.com,Female,38.98.217.164
554,Sherwin,Elgood,selgoodfd@godaddy.com,Male,90.35.110.116
555,Oby,Tambling,otamblingfe@engadget.com,Male,228.154.181.7
556,Trudy,Alderman,taldermanff@yahoo.com,Female,170.4.8.61
557,Kerk,Ince,kincefg@icq.com,Male,196.88.78.110
558,Ganny,Cosins,gcosinsfh@ebay.com,Male,51.8.228.87
559,Nikolia,Catenot,ncatenotfi@home.pl,Female,103.152.117.148
560,Morse,Nicholl,mnichollfj@businesswire.com,Male,126.215.71.72
561,Caroljean,Dhillon,cdhillonfk@independent.co.uk,Female,204.242.117.146
562,Valentijn,Tefft,vtefftfl@admin.ch,Male,55.35.248.142
563,Wilmar,Geraldi,wgeraldifm@photobucket.com,Male,103.172.114.144
564,Bryna,Filip,bfilipfn@ebay.com,Female,253.45.174.173
565,Bryce,Crook,bcrookfo@springer.com,Male,146.188.174.190
566,Jillane,Olsen,jolsenfp@elpais.com,Female,207.134.74.1
567,Livy,Mc Mechan,lmcmechanfq@ask.com,Female,
568,Benson,Kunkel,bkunkelfr@wordpress.org,Male,77.74.157.87
569,Osbourn,Loving,olovingfs@ustream.tv,Male,125.54.74.125
570,Alonzo,Hedylstone,ahedylstoneft@hhs.gov,Male,41.196.195.216
571,Thaxter,Roake,troakefu@sciencedaily.com,Male,
572,Tamarra,Groneway,tgronewayfv@msn.com,Female,51.8.155.34
573,Shirl,Warrell,swarrellfw@smugmug.com,Female,255.154.126.196
574,Ebonee,Plaister,eplaisterfx@sitemeter.com,Female,230.252.102.88
575,Irma,Favill,ifavillfy@jiathis.com,Female,
576,Avictor,Lanphere,alanpherefz@un.org,Male,118.150.177.91
577,Chrisse,Mussetti,cmussettig0@alibaba.com,Male,174.49.129.85
578,Elisha,Solly,esollyg1@flickr.com,Male,224.225.251.57
579,Hynda,Chinnock,hchinnockg2@google.es,Female,144.69.199.222
580,Kati,Powling,kpowlingg3@tiny.cc,Female,72.70.156.80
581,Norbert,Leathem,nleathemg4@wufoo.com,Male,128.35.26.200
582,Dalt,Dowding,ddowdingg5@census.gov,Male,
583,Horten,O'Crotty,hocrottyg6@time.com,Male,159.116.108.158
584,Hewe,Shewen,hsheweng7@sogou.com,Male,
585,Annamaria,de la Valette Parisot,adelavaletteparisotg8@e-recht24.de,Female,17.178.83.155
586,Kesley,Lomasny,klomasnyg9@ted.com,Female,
587,Gratiana,Budnik,gbudnikga@cornell.edu,Female,140.210.165.28
588,Bud,Gifkins,bgifkinsgb@google.nl,Male,215.174.122.152
589,Cinnamon,Burtenshaw,cburtenshawgc@php.net,Female,191.50.184.6
590,,Delicate,adelicategd@e-recht24.de,Male,216.27.123.104
591,Dawna,Abson,dabsonge@wunderground.com,Female,57.230.183.255
592,Masha,Carmody,mcarmodygf@google.pl,Female,124.149.52.25
593,Ollie,Kennagh,okennaghgg@techcrunch.com,Female,76.205.210.61
594,Corrie,Casotti,ccasottigh@adobe.com,Male,126.21.46.173
595,Sela,Cotherill,scotherillgi@shop-pro.jp,Female,93.100.11.152
596,Dyanna,Girardetti,dgirardettigj@weather.com,Female,72.141.253.223
597,Marijn,Storch,mstorchgk@diigo.com,Male,160.169.50.155
598,Hailey,Hawkswell,hhawkswellgl@businessinsider.com,Male,176.42.32.206
599,Philis,Kidby,pkidbygm@cpanel.net,Female,75.38.242.215
600,Clemente,Soro,csorogn@ibm.com,Male,158.205.206.70
601,Derry,Handley,dhandleygo@hubpages.com,Male,89.65.107.129
602,Jonas,Anglim,janglimgp@nyu.edu,Male,80.44.171.44
603,Ardelle,Joynson,ajoynsongq@google.it,Female,188.231.182.204
604,Kerry,Geaveny,kgeavenygr@jiathis.com,Male,185.223.56.100
605,Ibby,Abelovitz,iabelovitzgs@scribd.com,Female,126.89.71.125
606,Ariel,,agilffillandgt@ycombinator.com,Male,87.251.130.189
607,Parnell,Conkay,pconkaygu@irs.gov,Male,65.75.121.44
608,Barde,Tordoff,btordoffgv@intel.com,Male,
609,Shel,Feathersby,sfeathersbygw@gmpg.org,Female,66.90.10.80
610,Rebecka,Bullan,rbullangx@mashable.com,Female,
611,Brian,McShee,bmcsheegy@upenn.edu,Male,159.72.44.29
612,Chandler,Marjot,cmarjotgz@ezinearticles.com,Male,
613,Nikaniki,Lindop,nlindoph0@time.com,Female,254.54.228.82
614,Chucho,Gallon,cgallonh1@earthlink.net,Male,224.238.254.123
615,Marley,Shotton,mshottonh2@msn.com,Female,229.112.62.227
616,Nelia,Prosch,nproschh3@nsw.gov.au,Female,102.122.72.39
617,Sonja,Kegley,skegleyh4@addthis.com,Female,66.226.6.183
618,Jeannine,Dominey,jdomineyh5@bigcartel.com,Female,2.140.43.212
619,Justen,Piff,jpiffh6@qq.com,Male,134.203.222.150
620,Madge,Shellard,mshellardh7@marriott.com,Female,228.93.23.215
621,Gilbertine,Tunbridge,gtunbridgeh8@dot.gov,Female,
622,Aleksandr,Plail,aplailh9@reuters.com,Male,220.107.56.251
623,Essa,MacNeish,emacneishha@w3.org,Female,137.197.66.48
624,Corina,Sides,csideshb@canalblog.com,Female,114.177.9.194
625,Gregorius,Dunsmuir,gdunsmuirhc@statcounter.com,Male,239.118.246.110
626,Tracy,Cavanaugh,tcavanaughhd@smh.com.au,Male,75.156.255.1
627,Carie,Faich,cfaichhe@netscape.com,Female,81.217.206.119
628,Myrvyn,Romeo,mromeohf@wiley.com,Male,168.215.120.55
629,Erinn,Edward,eedwardhg@bizjournals.com,Female,105.122.78.56
630,Corrie,Dysart,cdysarthh@etsy.com,Male,224.126.237.69
631,Tad,Schechter,tschechterhi@furl.net,Male,34.11.132.4
632,Red,Minmagh,rminmaghhj@1und1.de,Male,
633,Wynn,Osichev,wosichevhk@freewebs.com,Female,241.102.64.73
634,Ursola,Jenoure,ujenourehl@washington.edu,Female,55.228.82.79
635,Ellerey,Larkin,elarkinhm@slashdot.org,Male,153.131.112.51
636,Pablo,Kitchinghan,pkitchinghanhn@smh.com.au,Male,15.60.126.106
637,Chan,Matley,cmatleyho@stanford.edu,Male,17.89.85.106
638,Jordon,Cheeney,jcheeneyhp@shop-pro.jp,Male,16.220.88.71
639,Claiborne,Crosio,ccrosiohq@nhs.uk,,100.248.158.81
640,Martainn,Pilbeam,mpilbeamhr@g.co,Male,6.197.246.147
641,Cosme,Gosdin,cgosdinhs@studiopress.com,Male,55.135.55.59
642,Dayle,Houlston,dhoulstonht@sun.com,Female,25.43.204.146
643,Carlin,Allcock,callcockhu@domainmarket.com,Female,131.67.100.220
644,Lemar,Marsay,lmarsayhv@1688.com,Male,86.136.181.37
645,Maryrose,Chadband,mchadbandhw@flickr.com,Female,107.185.163.30
646,Florian,Mougel,fmougelhx@istockphoto.com,Male,241.215.144.63
647,Egor,Sawyers,esawyershy@vimeo.com,Male,88.185.115.170
648,Diane-marie,Windridge,dwindridgehz@squarespace.com,Female,201.110.7.204
649,Bertine,Balsellie,,Female,60.202.221.230
650,Quintin,Breston,qbrestoni1@ucoz.com,Male,76.39.210.203
651,Sol,Swaby,sswabyi2@census.gov,Male,34.7.130.127
652,Eberhard,Creaser,ecreaseri3@angelfire.com,Male,137.28.200.133
653,Malcolm,,mkellandi4@epa.gov,Male,187.141.128.71
654,Sheffield,Woodfin,swoodfini5@4shared.com,Male,158.227.73.170
655,Frederico,MacDermid,fmacdermidi6@narod.ru,Male,173.16.74.224
656,Aveline,Gasparro,agasparroi7@1und1.de,Female,211.78.150.27
657,Hilarius,Keyzor,hkeyzori8@digg.com,Male,128.76.185.98
658,Aeriel,Limeburner,alimeburneri9@flickr.com,Female,75.249.248.106
659,Gauthier,Millwall,gmillwallia@java.com,Male,180.102.199.65
660,Bradly,Lynthal,blynthalib@google.com,,68.83.247.202
661,Libbi,Waber,lwaberic@soup.io,,120.36.230.13
662,Eba,,etownrowid@creativecommons.org,Female,217.190.180.184
663,Hermina,McGawn,hmcgawnie@nbcnews.com,Female,245.118.227.46
664,Carlin,Molineux,cmolineuxif@pcworld.com,Male,17.228.128.10
665,Dee dee,Sloan,dsloanig@biglobe.ne.jp,Female,6.219.192.4
666,Frederic,Dilger,fdilgerih@cdc.gov,Male,118.28.0.50
667,Guillermo,Gilhooly,ggilhoolyii@indiegogo.com,Male,188.67.101.63
668,Dean,Tschiersch,dtschierschij@4shared.com,Male,130.9.161.108
669,Kore,Toll,ktollik@geocities.com,Female,50.169.230.222
670,Rebe,Goater,rgoateril@cdbaby.com,Female,88.131.9.189
671,Roshelle,McGerraghty,rmcgerraghtyim@whitehouse.gov,Female,217.202.141.150
672,Jarrad,Mellonby,jmellonbyin@mayoclinic.com,Male,103.106.163.172
673,Jakie,Huffey,jhuffeyio@webeden.co.uk,Male,247.255.90.35
674,Edgard,Westbrook,ewestbrookip@baidu.com,Male,242.186.177.221
675,Clarita,,cankersiq@webnode.com,,66.192.83.53
676,Selma,Kearn,skearnir@wsj.com,Female,233.69.202.217
677,Worthy,Heineking,wheinekingis@google.es,Male,102.38.104.33
678,Shelley,Skegg,sskeggit@baidu.com,Female,219.36.84.77
679,Devy,Glasner,dglasneriu@kickstarter.com,Male,
680,Grantley,Girling,ggirlingiv@nps.gov,Male,52.46.16.73
681,Hulda,Doumerc,hdoumerciw@google.it,Female,93.198.209.205
682,Donnamarie,Sennett,dsennettix@loc.gov,Female,135.4.5.194
683,Bordy,Naulty,bnaultyiy@bing.com,,192.51.50.246
684,Lukas,Binner,lbinneriz@microsoft.com,Male,213.142.135.190
685,Carrol,Treace,ctreacej0@spotify.com,Male,132.115.197.59
686,Salem,Betun,sbetunj1@illinois.edu,Male,144.93.239.144
687,Tam,Gazzard,tgazzardj2@jigsy.com,Male,157.81.225.41
688,Felic,Mayger,fmaygerj3@seattletimes.com,Male,
689,Patricia,Petras,ppetrasj4@tmall.com,Female,23.54.57.131
690,Kippie,Sibray,ksibrayj5@vistaprint.com,Female,54.44.149.4
691,Dasi,Privost,dprivostj6@dagondesign.com,Female,201.102.10.246
692,Korie,MacPaik,kmacpaikj7@ed.gov,Female,204.165.81.217
693,Gavin,Turland,gturlandj8@techcrunch.com,Male,25.86.64.101
694,Lucho,Hailwood,lhailwoodj9@t.co,Male,110.0.31.166
695,Ashely,Scrimshaw,ascrimshawja@imageshack.us,Female,93.5.204.169
696,Muire,Wilflinger,mwilflingerjb@imdb.com,Female,62.212.104.36
697,Ted,Letrange,tletrangejc@rediff.com,Female,20.131.142.244
698,Rufe,Holstein,rholsteinjd@hao123.com,,203.41.175.94
699,Leopold,Siccombe,lsiccombeje@360.cn,Male,185.77.71.62
700,Alleen,Sandbatch,asandbatchjf@moonfruit.com,Female,87.156.171.74
701,Rheta,Linde,rlindejg@constantcontact.com,Female,106.197.197.78
702,Chiarra,Southouse,csouthousejh@trellian.com,Female,46.38.186.43
703,Ebeneser,Judkin,ejudkinji@slideshare.net,Male,233.192.21.12
704,Beatrix,Luquet,bluquetjj@mail.ru,Female,203.21.44.72
705,Tiffy,Bedle,tbedlejk@csmonitor.com,Female,164.245.87.132
706,Adora,Macer,amacerjl@huffingtonpost.com,Female,22.236.120.64
707,Robina,Casaro,rcasarojm@statcounter.com,Female,118.113.162.202
708,Valencia,Scatcher,vscatcherjn@huffingtonpost.com,Female,172.74.242.237
709,Tersina,Nare,tnarejo@prnewswire.com,Female,19.89.20.10
710,Roxanne,Walesby,rwalesbyjp@miitbeian.gov.cn,Female,132.106.77.58
711,Arnaldo,Eadmeades,aeadmeadesjq@oracle.com,Male,151.1.115.136
712,Hobey,Harraway,hharrawayjr@cam.ac.uk,Male,42.158.138.191
713,Florance,Gainsburgh,,Female,66.216.109.28
714,Johannah,Parkeson,jparkesonjt@tamu.edu,Female,162.151.52.102
715,Avivah,Brunskill,abrunskillju@mit.edu,Female,
716,Alix,Stonuary,astonuaryjv@wikia.com,Female,36.80.229.117
717,Ronna,Dutnall,rdutnalljw@hc360.com,Female,159.179.132.63
718,Briant,Alloway,ballowayjx@parallels.com,Male,158.89.165.69
719,Terrence,Mothersole,tmothersolejy@tinyurl.com,Male,4.88.160.65
720,Wilhelmina,Killiner,wkillinerjz@sciencedaily.com,Female,225.237.246.105
721,Jo-anne,MacKenzie,jmackenziek0@whitehouse.gov,Female,15.132.40.228
722,Andra,Raselles,arasellesk1@cnn.com,Female,103.140.86.27
723,Alys,Tomson,atomsonk2@ucoz.com,Female,68.54.10.98
724,Anallese,Nairne,anairnek3@scientificamerican.com,Female,252.4.152.187
725,Alasteir,Anderbrugge,aanderbruggek4@state.tx.us,Male,157.87.138.229
726,Goldy,,gcassark5@fc2.com,Female,67.25.237.90
727,Kiley,Inchan,kinchank6@springer.com,Male,89.166.6.204
728,Beatrice,Baron,bbaronk7@mozilla.com,Female,193.208.168.240
729,Ulrica,Creany,ucreanyk8@quantcast.com,Female,130.212.166.85
730,Archie,Belfrage,abelfragek9@bloglovin.com,Male,93.120.76.139
731,Valerye,Donohoe,vdonohoeka@ox.ac.uk,Female,242.242.150.115
732,Russell,Oakey,roakeykb@bravesites.com,Male,158.95.13.148
733,Joey,Spurier,jspurierkc@columbia.edu,Male,38.160.212.238
734,Darrick,Foxall,dfoxallkd@cnet.com,Male,48.73.10.161
735,Gwenny,Brose,gbroseke@epa.gov,Female,65.6.115.161
736,Gunter,Skipsea,gskipseakf@walmart.com,Male,96.97.104.195
737,Meir,Lymer,,Male,207.200.84.214
738,Krystalle,Lukacs,klukacskh@rambler.ru,Female,178.5.177.15
739,Shelby,Georgeot,sgeorgeotki@vimeo.com,Female,239.20.89.162
740,Klarika,Klimpt,kklimptkj@discuz.net,Female,119.207.50.238
741,Estrella,Treadgold,etreadgoldkk@shop-pro.jp,Female,83.7.175.118
742,Scotty,Leather,sleatherkl@theatlantic.com,,107.154.135.241
743,Justen,Mouncher,jmouncherkm@cisco.com,Male,175.117.50.41
744,Reinhold,,ryeuletkn@ifeng.com,Male,146.144.2.102
745,Reilly,Kimpton,rkimptonko@linkedin.com,Male,94.48.208.136
746,Cecil,Olifaunt,colifauntkp@google.ru,Female,30.120.159.188
747,Gawen,Sammonds,gsammondskq@wikispaces.com,Male,201.233.246.56
748,Ros,Haworth,rhaworthkr@nps.gov,Female,79.33.164.37
749,Rasia,Bullman,rbullmanks@statcounter.com,Female,
750,Aurelia,Gligoraci,agligoracikt@geocities.jp,Female,217.26.139.11
751,Kristi,Brunnstein,kbrunnsteinku@clickbank.net,Female,216.131.185.19
752,Laurene,Juggings,ljuggingskv@bing.com,Female,105.255.208.78
753,Linus,O'Corrin,locorrinkw@qq.com,Male,241.239.251.236
754,Valdemar,Tatlock,vtatlockkx@ebay.co.uk,Male,45.112.3.118
755,Andre,Spera,asperaky@fc2.com,,141.70.32.117
756,Roxana,Frankowski,rfrankowskikz@hexun.com,Female,186.104.251.131
757,Pete,Alpine,palpinel0@t-online.de,Male,
758,,Bruhnsen,fbruhnsenl1@guardian.co.uk,Female,
759,Alfredo,De Wolfe,adewolfel2@bbb.org,,140.93.141.254
760,Gerrie,Moral,gmorall3@wisc.edu,Female,227.180.76.234
761,Richart,Fryer,rfryerl4@a8.net,Male,252.184.204.70
762,Bernice,Hayer,bhayerl5@technorati.com,,114.218.10.30
763,Roze,Veasey,rveaseyl6@typepad.com,Female,9.93.124.8
764,Artemis,Lagden,alagdenl7@jiathis.com,Male,152.175.102.200
765,Misha,Bedward,mbedwardl8@aol.com,Female,203.24.131.234
766,Nevile,Bulstrode,nbulstrodel9@hhs.gov,Male,171.57.132.196
767,Lorianne,Fleet,lfleetla@csmonitor.com,Female,149.226.99.8
768,Zonnya,Maciaszek,zmaciaszeklb@joomla.org,Female,217.35.232.223
769,Haley,Hendren,hhendrenlc@bloglovin.com,Female,106.5.1.36
770,Tracie,Vint,tvintld@goo.ne.jp,Female,69.163.97.147
771,Elias,Dummigan,edummiganle@google.cn,Male,56.107.188.156
772,Mignon,Bullough,mbulloughlf@blogspot.com,Female,172.251.181.13
773,Benjy,Kivits,bkivitslg@businesswire.com,Male,148.12.101.46
774,Auberta,Gallo,agallolh@storify.com,Female,112.190.73.193
775,Carmelita,Proffer,cprofferli@latimes.com,Female,131.102.120.218
776,Howey,Gibling,hgiblinglj@w3.org,Male,122.95.192.27
777,Mordy,Dows,mdowslk@oakley.com,Male,197.94.31.231
778,Johna,Arnaldy,jarnaldyll@digg.com,Female,132.204.66.221
779,,Braisted,jbraistedlm@nsw.gov.au,Female,50.134.108.171
780,Rudiger,Bediss,rbedissln@fema.gov,Male,
781,Pablo,Lorant,plorantlo@yale.edu,Male,100.209.36.54
782,,Flewett,gflewettlp@unc.edu,Female,21.70.165.152
783,Shoshana,Liley,slileylq@xing.com,Female,94.220.2.246
784,Berton,Taggett,btaggettlr@gmpg.org,Male,43.27.23.186
785,Sawyere,Sines,ssinesls@simplemachines.org,Male,187.222.121.62
786,Elliot,Newvill,enewvilllt@nature.com,Male,247.21.71.36
787,Brear,Mattam,bmattamlu@scribd.com,Female,140.92.106.100
788,Zorah,Legerton,zlegertonlv@flickr.com,Female,108.225.37.212
789,Bab,Banishevitz,bbanishevitzlw@biblegateway.com,Female,221.19.34.240
790,Shellysheldon,Hattrick,,Male,250.47.87.99
791,Tova,Cleyne,tcleynely@qq.com,Female,85.71.28.197
792,Israel,Willavize,iwillavizelz@posterous.com,Male,62.170.45.199
793,Marcelle,Lembke,mlembkem0@usgs.gov,Female,199.168.252.193
794,Darren,Amaya,damayam1@addthis.com,Male,59.174.78.118
795,Edgardo,Billington,ebillingtonm2@surveymonkey.com,Male,194.66.91.74
796,Eleonora,Sindell,esindellm3@soundcloud.com,Female,100.105.114.152
797,Woodrow,FitzGibbon,wfitzgibbonm4@bandcamp.com,Male,160.152.2.219
798,Lalo,Perico,lpericom5@usa.gov,Male,118.176.189.175
799,Elton,Simcock,esimcockm6@vk.com,,178.252.5.154
800,Kyrstin,Birkmyr,kbirkmyrm7@reference.com,Female,196.79.133.233
801,Asia,Vedstra,avedstram8@auda.org.au,Female,11.118.44.248
802,Pier,Belone,pbelonem9@oaic.gov.au,,139.194.136.152
803,Aidan,Abba,aabbama@eventbrite.com,,68.60.229.188
804,Sunny,Bugdale,sbugdalemb@mit.edu,Male,54.254.133.121
805,,Rolfini,krolfinimc@blogspot.com,Male,136.243.202.146
806,Branden,Lodevick,blodevickmd@multiply.com,Male,185.30.91.99
807,Clerkclaude,Musso,cmussome@prlog.org,Male,
808,Sybille,Sharland,ssharlandmf@etsy.com,Female,211.125.4.103
809,Glenine,Gomby,ggombymg@google.ru,Female,85.101.134.47
810,Bellina,Barling,bbarlingmh@gravatar.com,Female,187.131.169.214
811,Golda,Bernardi,gbernardimi@fda.gov,Female,243.233.255.150
812,Felix,McGrowther,fmcgrowthermj@eepurl.com,Male,123.18.244.149
813,Nanice,Roddam,nroddammk@jugem.jp,Female,20.219.123.142
814,Afton,Nolder,anolderml@networkadvertising.org,Female,61.54.62.48
815,Kelsi,Tebbit,ktebbitmm@reference.com,Female,182.174.66.198
816,Claresta,Dundendale,cdundendalemn@stumbleupon.com,,40.65.151.18
817,Bernard,Measey,bmeaseymo@jiathis.com,Male,52.159.56.150
818,Traci,Durward,tdurwardmp@exblog.jp,Female,66.43.85.246
819,Nathaniel,Tabourier,ntabouriermq@columbia.edu,Male,50.155.122.201
820,Alon,Jancar,ajancarmr@europa.eu,Male,123.70.79.140
821,Vivienne,Ivery,viveryms@multiply.com,Female,234.249.40.97
822,Darrel,Coldtart,dcoldtartmt@xinhuanet.com,Male,165.107.64.191
823,Allan,Jilkes,ajilkesmu@narod.ru,Male,243.245.216.84
824,Anthia,Campling,acamplingmv@google.co.uk,,116.5.73.239
825,Bellanca,Zecchinii,bzecchiniimw@oakley.com,Female,245.45.31.41
826,Hollis,Ingleston,hinglestonmx@nsw.gov.au,Male,56.159.219.30
827,Winfred,Santore,wsantoremy@dion.ne.jp,Male,141.81.210.194
828,Darryl,Martell,dmartellmz@jiathis.com,Male,138.159.96.208
829,Renado,Pettegree,rpettegreen0@surveymonkey.com,Male,164.39.38.122
830,Sukey,Videler,svidelern1@weebly.com,Female,
831,Katee,Kryzhov,kkryzhovn2@ameblo.jp,,209.119.35.1
832,Tedda,Grant,tgrantn3@rambler.ru,Female,37.178.92.66
833,Rosina,Pollastro,rpollastron4@squarespace.com,Female,110.142.183.121
834,Raffarty,McPolin,,Male,
835,Horatius,Hallybone,hhallybonen6@seattletimes.com,Male,217.4.211.76
836,Kermy,Robker,krobkern7@answers.com,Male,109.73.4.152
837,Matthaeus,Rix,mrixn8@senate.gov,Male,184.176.182.44
838,Gunther,Sinncock,gsinncockn9@mtv.com,Male,
839,Andres,Stronough,astronoughna@vkontakte.ru,Male,143.124.22.162
840,Sheila-kathryn,Hynard,shynardnb@dagondesign.com,Female,26.240.129.37
841,Kath,Bendel,kbendelnc@qq.com,Female,212.13.106.209
842,Lezlie,Toulmin,ltoulminnd@ow.ly,Female,66.217.209.227
843,Bidget,Caldwall,bcaldwallne@patch.com,Female,199.211.176.107
844,Iain,McLelland,imclellandnf@hhs.gov,Male,79.249.46.252
845,Darby,Newcomb,dnewcombng@list-manage.com,Male,103.67.239.199
846,Sandi,Paget,spagetnh@timesonline.co.uk,Female,104.129.50.88
847,,Boylan,oboylanni@live.com,Female,56.34.70.247
848,Dorrie,Goldsberry,dgoldsberrynj@bloglines.com,,174.194.242.3
849,Fax,Petrol,fpetrolnk@sohu.com,Male,13.155.232.162
850,Gwenora,Grzelczyk,ggrzelczyknl@scribd.com,Female,127.144.84.231
851,Venita,Munby,vmunbynm@fastcompany.com,Female,154.106.205.184
852,Donavon,Younglove,dyounglovenn@163.com,Male,131.179.128.222
853,Lottie,Crispin,lcrispinno@hud.gov,Female,69.52.17.112
854,Fonzie,Kemer,fkemernp@jalbum.net,Male,248.227.249.40
855,Yevette,Barajaz,ybarajaznq@house.gov,Female,254.220.66.102
856,Halsy,Pizzie,hpizzienr@moonfruit.com,,
857,Rochell,Ahrendsen,rahrendsenns@msu.edu,Female,223.136.43.245
858,Tedmund,Phair,tphairnt@tuttocitta.it,Male,106.49.55.147
859,Cathe,Wanjek,cwanjeknu@cloudflare.com,Female,27.82.167.45
860,Gretchen,Burgin,gburginnv@newsvine.com,Female,87.133.128.67
861,Imogen,Algie,ialgienw@furl.net,Female,191.209.102.57
862,Darrick,Saturley,dsaturleynx@state.tx.us,Male,97.114.233.61
863,Natalee,Varey,nvareyny@mail.ru,Female,118.34.137.77
864,Meridith,Omar,momarnz@uol.com.br,,128.172.196.1
865,Arden,Giovannazzi,agiovannazzio0@skyrock.com,Female,243.231.13.11
866,Hansiain,McElmurray,hmcelmurrayo1@yellowbook.com,Male,
867,Putnam,Ivanov,pivanovo2@globo.com,Male,151.180.104.211
868,Mile,McCambridge,mmccambridgeo3@1und1.de,Male,129.108.231.119
869,Lacey,Papa,lpapao4@va.gov,Female,254.65.125.122
870,Gasper,Rosser,grossero5@bloglines.com,Male,195.153.216.152
871,Linc,,lsideyo6@biblegateway.com,Male,43.65.95.71
872,Karlis,Yellowley,kyellowleyo7@ehow.com,Male,92.162.117.181
873,Port,Hillan,phillano8@senate.gov,Male,178.144.215.201
874,Guenna,Erdes,gerdeso9@engadget.com,Female,45.157.93.133
875,Nathanael,Phebey,nphebeyoa@nymag.com,,31.109.193.116
876,,McKeaney,tmckeaneyob@cbslocal.com,Female,232.118.97.169
877,Cybill,Birchenhead,cbirchenheadoc@hibu.com,Female,120.101.7.215
878,Archie,Squibbes,asquibbesod@whitehouse.gov,Male,179.58.72.250
879,Jobi,Lazenby,jlazenbyoe@umn.edu,Female,138.43.39.80
880,Kerk,Wolpert,kwolpertof@opensource.org,Male,83.8.136.234
881,Kleon,Abramski,kabramskiog@vinaora.com,Male,173.238.135.213
882,Evered,Drewitt,edrewittoh@nifty.com,Male,195.13.132.16
883,Tallou,Whitmore,twhitmoreoi@sogou.com,Female,206.134.157.96
884,Tiebold,Wignall,twignalloj@bloomberg.com,Male,81.107.58.160
885,Rozalin,Girth,rgirthok@bloglovin.com,Female,27.237.199.165
886,Betta,Perch,bperchol@wikimedia.org,Female,138.71.109.24
887,Jacobo,Kayser,jkayserom@multiply.com,Male,17.155.16.90
888,Cammie,Huitson,chuitsonon@zdnet.com,Female,238.174.57.231
889,Merlina,Mooreed,mmooreedoo@sun.com,Female,234.229.48.194
890,Max,Dawson,mdawsonop@addthis.com,Male,141.90.204.59
891,Linus,,lsappelloq@studiopress.com,Male,174.79.244.80
892,Ernaline,Lattimer,elattimeror@sphinn.com,Female,238.35.183.253
893,Chickie,Deaves,cdeavesos@arizona.edu,Female,149.8.190.105
894,Christopher,Eilhermann,ceilhermannot@mtv.com,Male,246.42.106.238
895,Clark,Eliasen,celiasenou@dion.ne.jp,Male,60.71.68.46
896,Martina,Newcom,mnewcomov@bandcamp.com,Female,101.32.90.90
897,Aleksandr,Olenchenko,aolenchenkoow@alibaba.com,Male,229.143.131.135
898,Elsbeth,Fance,efanceox@infoseek.co.jp,Female,115.137.19.164
899,Granny,Flores,gfloresoy@samsung.com,Male,72.106.171.121
900,Cyrill,Calafate,ccalafateoz@bloglovin.com,Male,116.114.137.191
901,Hal,Edlyne,hedlynep0@technorati.com,Male,167.142.33.173
902,Gan,,glambalp1@liveinternet.ru,Male,135.205.220.85
903,Quinton,Eicke,qeickep2@unicef.org,Male,87.139.8.170
904,Reggie,Giametti,rgiamettip3@youtu.be,Male,220.190.98.246
905,Juieta,Costall,jcostallp4@go.com,Female,22.206.125.95
906,Armin,Royans,aroyansp5@paypal.com,,
907,Jeralee,Espinoza,jespinozap6@scribd.com,Female,252.119.155.254
908,Elna,Skivington,eskivingtonp7@reddit.com,Female,58.207.163.76
909,Gibbie,Vaisey,gvaiseyp8@ezinearticles.com,Male,201.143.64.56
910,Sadie,Rust,srustp9@webmd.com,Female,60.209.123.108
911,Harwell,Whitchurch,hwhitchurchpa@reddit.com,Male,124.205.128.140
912,Rebekkah,Lowy,rlowypb@census.gov,Female,150.241.33.92
913,Emelia,Serck,eserckpc@mashable.com,Female,87.2.49.210
914,Saul,Mandeville,smandevillepd@cargocollective.com,Male,
915,Tiler,Joslow,tjoslowpe@canalblog.com,Male,67.250.67.121
916,Faulkner,Tomaschke,ftomaschkepf@blinklist.com,Male,117.10.150.77
917,Debra,Hurlston,dhurlstonpg@nytimes.com,Female,240.5.188.21
918,Melitta,,mspenceph@miibeian.gov.cn,Female,28.6.18.83
919,Hieronymus,O'Cosgra,hocosgrapi@stanford.edu,Male,51.247.167.231
920,Kurt,Alenichicov,kalenichicovpj@wikia.com,Male,102.225.230.5
921,Glennis,Ashwin,gashwinpk@sfgate.com,Female,31.20.239.60
922,Gaultiero,Lanceter,glanceterpl@google.ru,Male,153.74.198.127
923,Anabal,Bresson,abressonpm@theguardian.com,Female,42.111.170.56
924,Maybelle,MacDonald,mmacdonaldpn@census.gov,Female,59.164.159.1
925,Truda,Wreakes,twreakespo@walmart.com,Female,252.240.154.232
926,Ramonda,Tice,rticepp@pinterest.com,Female,131.70.102.65
927,Barron,Esposi,besposipq@imgur.com,Male,186.250.42.26
928,Dacey,Jouhan,djouhanpr@seesaa.net,Female,224.217.75.253
929,Lark,Skally,lskallyps@usgs.gov,Female,92.92.143.153
930,Marlee,Birkby,mbirkbypt@va.gov,Female,154.223.179.208
931,Dionisio,Newbatt,dnewbattpu@engadget.com,Male,136.168.151.240
932,Mady,Errichiello,merrichiellopv@ycombinator.com,Female,227.48.26.111
933,Dalia,Chastang,dchastangpw@g.co,Female,51.242.172.218
934,Sianna,Hirjak,shirjakpx@moonfruit.com,,11.61.58.125
935,Griffith,Edgin,gedginpy@dell.com,Male,91.77.170.221
936,Selina,Sams,ssamspz@networksolutions.com,Female,
937,Vivianne,Linggard,vlinggardq0@yandex.ru,Female,
938,Rey,Stoggell,rstoggellq1@springer.com,Female,40.43.50.240
939,Maud,Croker,mcrokerq2@mashable.com,Female,156.211.44.13
940,Dinah,Perone,dperoneq3@unc.edu,Female,223.254.41.85
941,Verla,McEntee,vmcenteeq4@columbia.edu,Female,4.213.247.123
942,Jaime,Giercke,jgierckeq5@reverbnation.com,Female,27.185.138.194
943,Cello,Steffans,csteffansq6@aol.com,Male,139.16.215.2
944,Malissia,Leyes,mleyesq7@networksolutions.com,Female,156.58.226.88
945,Cobby,Wyles,cwylesq8@cnet.com,Male,25.134.112.225
946,Deeyn,Bottomore,dbottomoreq9@sphinn.com,Female,78.188.145.192
947,,Crumpton,vcrumptonqa@technorati.com,Female,153.132.253.161
948,Mala,Thurske,mthurskeqb@webeden.co.uk,,15.167.62.239
949,Nye,Squirrel,nsquirrelqc@ycombinator.com,Male,160.66.205.148
950,Rowena,Culwen,rculwenqd@ted.com,Female,156.233.7.198
951,Meade,Lamers,mlamersqe@guardian.co.uk,Male,234.207.253.142
952,Claudia,Verbeek,cverbeekqf@wordpress.com,Female,214.158.137.204
953,Lanie,Callicott,lcallicottqg@xrea.com,Male,14.196.125.23
954,Rockwell,Papaminas,rpapaminasqh@jugem.jp,Male,226.94.210.13
955,Ron,McKearnen,rmckearnenqi@hubpages.com,,234.63.153.143
956,Simonne,Leaney,sleaneyqj@scribd.com,Female,125.118.254.4
957,Sollie,Harbron,sharbronqk@nationalgeographic.com,Male,59.252.10.180
958,Ethyl,Garrigan,egarriganql@scientificamerican.com,Female,50.63.3.8
959,Lexi,Tubbs,ltubbsqm@oakley.com,Female,76.8.219.82
960,Micheil,Fawckner,mfawcknerqn@newyorker.com,Male,166.109.52.157
961,Port,Wace,pwaceqo@upenn.edu,Male,189.132.198.52
962,Ashby,Pumfrett,apumfrettqp@instagram.com,,220.91.45.20
963,Judd,Vogelein,jvogeleinqq@barnesandnoble.com,Male,39.111.3.225
964,Josefa,Edmed,jedmedqr@twitter.com,Female,185.158.235.244
965,Richy,Santhouse,rsanthouseqs@wunderground.com,Male,90.114.99.97
966,Wilma,Iliffe,wiliffeqt@simplemachines.org,Female,166.178.126.215
967,Torey,Nozzolii,tnozzoliiqu@blogspot.com,Male,110.135.222.65
968,Albertina,Beverstock,abeverstockqv@cloudflare.com,Female,218.234.175.166
969,Rosanna,Sheffield,rsheffieldqw@skype.com,Female,197.71.29.101
970,Darnell,Basham,dbashamqx@chicagotribune.com,Male,59.62.212.63
971,Kaile,Edlyn,kedlynqy@weebly.com,,140.95.248.135
972,Jorry,Leinweber,jleinweberqz@europa.eu,Female,65.121.129.169
973,Cindy,Tuxwell,ctuxwellr0@businesswire.com,Female,99.182.156.157
974,Linet,Whittleton,lwhittletonr1@blogs.com,Female,170.47.54.171
975,Ermanno,Godly,egodlyr2@sourceforge.net,Male,39.12.33.207
976,Austina,Chaff,achaffr3@bandcamp.com,Female,166.188.85.3
977,Koressa,Press,kpressr4@apache.org,Female,224.179.19.135
978,Odille,Placstone,oplacstoner5@hatena.ne.jp,Female,135.84.127.181
979,Arin,Kidson,akidsonr6@blogger.com,Male,187.5.11.248
980,Fredrika,Kennermann,fkennermannr7@virginia.edu,Female,198.144.255.189
981,Robinia,Figin,rfiginr8@squarespace.com,Female,119.147.62.88
982,Ertha,Docket,edocketr9@npr.org,Female,225.30.225.208
983,Stanislaus,Bruff,sbruffra@sogou.com,Male,173.27.104.231
984,Joya,Mandifield,jmandifieldrb@google.nl,Female,44.182.171.58
985,Erv,Vanyarkin,evanyarkinrc@edublogs.org,Male,17.62.94.161
986,Allyn,Piquard,apiquardrd@google.es,Male,123.95.116.243
987,Wally,Bernardos,wbernardosre@nba.com,Female,79.119.80.177
988,Lind,Tollett,ltollettrf@skyrock.com,Male,14.121.132.91
989,Harold,Ughi,hughirg@biglobe.ne.jp,Male,149.26.123.85
990,Jonell,McConnal,jmcconnalrh@joomla.org,Female,186.33.84.243
991,Jenica,Battyll,jbattyllri@cpanel.net,Female,42.248.225.153
992,Annalise,Bartomeu,abartomeurj@addtoany.com,Female,26.14.43.34
993,Troy,Chrystal,tchrystalrk@omniture.com,Male,72.18.236.251
994,Kala,McCluney,kmccluneyrl@acquirethisname.com,Female,147.181.191.118
995,Peter,Fippe,pfipperm@bloglines.com,Male,84.100.1.81
996,Rowena,D' Angelo,rdangelorn@example.com,Female,175.111.65.105
997,Marlane,,,Female,149.134.89.30
998,Alwyn,Tondeur,atondeurrp@diigo.com,Male,152.82.237.224
999,Ferd,Pitblado,fpitbladorq@desdev.cn,Male,36.127.220.18
1000,Brynn,Edie,bedierr@behance.net,Female,63.215.223.195
